,url,header,text
0,https://leader-id.ru/specials/national-technology-initiative/,Национальная технологическая инициатива,"





Национальная технологическая инициатива (НТИ) - программа мер по формированию принципиально новых рынков и созданию условий для глобального технологического лидерства России к 2035 году. НТИ будет включать системные решения по определению ключевых технологий, необходимых изменений в области норм и правил, работающих мер финансового и кадрового развития, механизмов вовлечения и вознаграждения носителей необходимых компетенций. Выбор будет проводиться с учетом основных трендов мирового развития исходя из приоритета сетевых технологий, сконцентрированных вокруг человека, как конечного потребителя.
Реализация НТИ - одна из ключевых задач, поставленных Президентом Российской Федерации Владимиром Путиным 4 декабря 2014 года, в Послании Федеральному собранию: «На основе долгосрочного прогнозирования необходимо понять, с какими задачами Россия столкнется через 10-15 лет, какие передовые решения потребуются для того, чтобы обеспечить национальную безопасность, качество жизни людей, развитие отраслей нового технологического уклада».
В разработке НТИ участвуют технологические предприниматели, проектные, творческие команды; динамично развивающиеся технологические компании, готовые впитывать новые разработки; ведущие университеты; исследовательские центры; крупные деловые объединения страны; институты развития, экспертные и профессиональные сообщества; заинтересованные министерства. 
Модель НТИ должна быть представлена Президенту Российской Федерации на рассмотрение в июле 2015 года.
Для участия в рабочих группах НТИ  Вам необходимо подать заявку и полностью заполнить профиль LEADER-ID.
Список рабочих групп НТИ: 

EnergyNet (распределенная энергетика от personal power до smart grid, smart city);


FoodNet (системы персонального производства и доставки еды и воды);


SafeNet (новые персональные системы безопасности);


HealthNet (персональная медицина);


AeroNet (распределенные системы беспилотных летательных аппаратов);


MariNet (распределенные системы морского транспорта без экипажа);


AutoNet (распределенная сеть управления автотранспортом без водителя);


FinNet (децентрализованные финансовые системы и валюты);


NeuroNet (распределенные искусственные компоненты сознания и психики);
Кружковое движение;
Университетские города НТИ;
Цифровое проектирование и моделирование, новые материалы, аддитивные технологии.
 

 




"
4,https://leader-id.ru/specials/investclimat/,Инвестклимат.рф,"





                    Участвуйте в мониторинге и публичном обсуждении «дорожных карт» национальной предпринимательской инициативы, чтобы внести личный вклад в улучшение условий ведения бизнеса и инвестиционного климата в нашей стране!                



"
5,https://leader-id.ru/specials/world-skills-russia/,World skills Russia,"









"
6,https://leader-id.ru/specials/educational_lectures_NTI/,Учебный курс лекций по НТИ,"





Агентством стратегических инициатив подготовлен онлайн-курс о Национальной технологической инициативе:
Национальная технологическая инициатива (НТИ) – долгосрочная комплексная программа по созданию условий для обеспечения лидерства российских компаний на новых высокотехнологичных рынках, которые будут определять структуру мировой экономики в ближайшие 15–20 лет. 
 В Послании Федеральному собранию 4 декабря 2014 г. Президент Российской Федерации В.В. Путин обозначил Национальную технологическую инициативу одним из приоритетов государственной политики:
 «На основе долгосрочного прогнозирования необходимо понять, с какими задачами столкнётся Россия через 10-15 лет, какие передовые решения потребуются для того, чтобы обеспечить национальную безопасность, высокое качество жизни людей, развитие отраслей нового технологического уклада».
 НТИ изначально строится как широкое коалиционное действие, предполагающее формирование проектных групп из:
 
§  технологических предпринимателей, крупных деловых объединений России;
§  ведущих университетов и исследовательских центров, экспертных и профессиональных сообществ;
§  институтов развития и заинтересованных органов исполнительной власти.
 
При этом НТИ формирует новые и усиливает действующие программы поддержки научно-технологического развития, обеспечивая формирование и трансляцию запросов со стороны высокотехнологичных перспективных бизнесов в систему государственного управления.
 
В рамках представленного курса лекций о Национальной технологической инициативе будут рассмотрены:

Национальная технологическая инициатива: основные понятия, принципы, ожидаемые результаты
Матрица НТИ: основные участники и логика взаимодействия между ними
Рынки НТИ
Технологии и их взаимосвязь с рынками НТИ
Таланты: кадровая политика НТИ
Сервисы НТИ

 
Курс  «Национальная технологическая инициатива» размещен на платформе онлайн-обучения UNIWEB. Все лекции курса бесплатны. Для того, чтобы получить доступ к курсу, перейдите по ссылке  и нажмите на кнопку ""Начать сейчас"". Вам будет предложено пройти небольшую регистрацию, после чего вы сразу сможете перейти к просмотру лекций. По результатам прохождения курса вы получите электронный сертификат, который придет вам на почту. 
Первые сертификаты будут готовы уже 11 мая.




"
9,https://leader-id.ru/specials/global-management-challenge/,Global Management Challenge (Глобальный управленческий вызов),"





                    Global Management Challenge (Глобальный управленческий вызов) – это «hi-tech», открытое первенство по управлению бизнесом, в основе которого лежит уникальный компьютерный тренажер, дающий возможность за несколько месяцев получить опыт управления компанией, равный нескольким годам работы на глобальном рынке.                



"
12,https://leader-id.ru/specials/national-technology-initiative/,Национальная технологическая инициатива,"





Национальная технологическая инициатива (НТИ) - программа мер по формированию принципиально новых рынков и созданию условий для глобального технологического лидерства России к 2035 году. НТИ будет включать системные решения по определению ключевых технологий, необходимых изменений в области норм и правил, работающих мер финансового и кадрового развития, механизмов вовлечения и вознаграждения носителей необходимых компетенций. Выбор будет проводиться с учетом основных трендов мирового развития исходя из приоритета сетевых технологий, сконцентрированных вокруг человека, как конечного потребителя.
Реализация НТИ - одна из ключевых задач, поставленных Президентом Российской Федерации Владимиром Путиным 4 декабря 2014 года, в Послании Федеральному собранию: «На основе долгосрочного прогнозирования необходимо понять, с какими задачами Россия столкнется через 10-15 лет, какие передовые решения потребуются для того, чтобы обеспечить национальную безопасность, качество жизни людей, развитие отраслей нового технологического уклада».
В разработке НТИ участвуют технологические предприниматели, проектные, творческие команды; динамично развивающиеся технологические компании, готовые впитывать новые разработки; ведущие университеты; исследовательские центры; крупные деловые объединения страны; институты развития, экспертные и профессиональные сообщества; заинтересованные министерства. 
Модель НТИ должна быть представлена Президенту Российской Федерации на рассмотрение в июле 2015 года.
Для участия в рабочих группах НТИ  Вам необходимо подать заявку и полностью заполнить профиль LEADER-ID.
Список рабочих групп НТИ: 

EnergyNet (распределенная энергетика от personal power до smart grid, smart city);


FoodNet (системы персонального производства и доставки еды и воды);


SafeNet (новые персональные системы безопасности);


HealthNet (персональная медицина);


AeroNet (распределенные системы беспилотных летательных аппаратов);


MariNet (распределенные системы морского транспорта без экипажа);


AutoNet (распределенная сеть управления автотранспортом без водителя);


FinNet (децентрализованные финансовые системы и валюты);


NeuroNet (распределенные искусственные компоненты сознания и психики);
Кружковое движение;
Университетские города НТИ;
Цифровое проектирование и моделирование, новые материалы, аддитивные технологии.
 

 




"
16,https://leader-id.ru/specials/investclimat/,Инвестклимат.рф,"





                    Участвуйте в мониторинге и публичном обсуждении «дорожных карт» национальной предпринимательской инициативы, чтобы внести личный вклад в улучшение условий ведения бизнеса и инвестиционного климата в нашей стране!                



"
17,https://leader-id.ru/specials/world-skills-russia/,World skills Russia,"









"
18,https://leader-id.ru/specials/educational_lectures_NTI/,Учебный курс лекций по НТИ,"





Агентством стратегических инициатив подготовлен онлайн-курс о Национальной технологической инициативе:
Национальная технологическая инициатива (НТИ) – долгосрочная комплексная программа по созданию условий для обеспечения лидерства российских компаний на новых высокотехнологичных рынках, которые будут определять структуру мировой экономики в ближайшие 15–20 лет. 
 В Послании Федеральному собранию 4 декабря 2014 г. Президент Российской Федерации В.В. Путин обозначил Национальную технологическую инициативу одним из приоритетов государственной политики:
 «На основе долгосрочного прогнозирования необходимо понять, с какими задачами столкнётся Россия через 10-15 лет, какие передовые решения потребуются для того, чтобы обеспечить национальную безопасность, высокое качество жизни людей, развитие отраслей нового технологического уклада».
 НТИ изначально строится как широкое коалиционное действие, предполагающее формирование проектных групп из:
 
§  технологических предпринимателей, крупных деловых объединений России;
§  ведущих университетов и исследовательских центров, экспертных и профессиональных сообществ;
§  институтов развития и заинтересованных органов исполнительной власти.
 
При этом НТИ формирует новые и усиливает действующие программы поддержки научно-технологического развития, обеспечивая формирование и трансляцию запросов со стороны высокотехнологичных перспективных бизнесов в систему государственного управления.
 
В рамках представленного курса лекций о Национальной технологической инициативе будут рассмотрены:

Национальная технологическая инициатива: основные понятия, принципы, ожидаемые результаты
Матрица НТИ: основные участники и логика взаимодействия между ними
Рынки НТИ
Технологии и их взаимосвязь с рынками НТИ
Таланты: кадровая политика НТИ
Сервисы НТИ

 
Курс  «Национальная технологическая инициатива» размещен на платформе онлайн-обучения UNIWEB. Все лекции курса бесплатны. Для того, чтобы получить доступ к курсу, перейдите по ссылке  и нажмите на кнопку ""Начать сейчас"". Вам будет предложено пройти небольшую регистрацию, после чего вы сразу сможете перейти к просмотру лекций. По результатам прохождения курса вы получите электронный сертификат, который придет вам на почту. 
Первые сертификаты будут готовы уже 11 мая.




"
21,https://leader-id.ru/specials/global-management-challenge/,Global Management Challenge (Глобальный управленческий вызов),"





                    Global Management Challenge (Глобальный управленческий вызов) – это «hi-tech», открытое первенство по управлению бизнесом, в основе которого лежит уникальный компьютерный тренажер, дающий возможность за несколько месяцев получить опыт управления компанией, равный нескольким годам работы на глобальном рынке.                



"
26,https://leader-id.ru/specials/skrobotics2016/,IV международная конференция Skolkovo Robotics 2016,"





20 мая 2016 года в Инновационном центре «Сколково» состоится Четвертая международная конференция Skolkovo Robotics 2016. Организаторы  конференции – Робототехнический центр «Сколково» и Сколковский институт науки и технологий (Сколтех). Генеральный партнер мероприятия – Московский технологический институт. Впервые за историю конференция пройдет в формате open air.
Темы программы мероприятия:





Deep learning
Медицинская робототехника
Промышленная робототехника
Сельскохозяйственная робототехника




Образовательная робототехника
Беспилотная робототехника
Robotics Design & Marketing
Мастер-классы





 
Регистрация на конференцию по ссылке:  http://sk.ru/foundation/events/may2016/skrobotics2016/
 
 




"
27,https://leader-id.ru/specials/trainee_agency/,Агентство стратегических инициатив объявляет новый отбор стажеров под задачи Национальной технологической инициативы и направления «Молодые профессионалы»,"





До конца года Агентство предоставляет возможность принять участие в стажировке по одному из выбранных треков. Каждый трек включает в себя как выполнение рабочих задач, так и обучение (доступ к обучающим материалам, посещение тематических мероприятий, тренинги). Сквозная компетенция, которая будет получена на стажировке, - организация мероприятий. Длительность стажировки и график обсуждается персонально с каждым кандидатом. Участие в стажировке осуществляется на бесплатной и безвозмездной основе, есть возможность дистанционных задач.       
Общие требования к кандидатам: 

Готовность работать в условиях неопределенности и ограниченности ресурсов (в том числе временных)
Системное мышление
Умение быстро усваивать информацию
Ответственность

Кандидатам предлагается выбрать один из следующих треков: 
1. «Сопровождение образовательных проектов». Задачи: 

Анализ рынка и поиск потенциальных партнеров для проекта
Подготовка документации по проекту для подачи на грантовые программы, программы институтов развития
Организация образовательных программ для проектных команд
Подготовка методических материалов для лидеров проектов и др.

В процессе данного трека будет предложено выбрать не менее одного сквозного проекта для сопровождения в течение стажировки. Задачи по остальным проектам будут предложены в потоковом режиме. Ознакомиться со списком проектов направления можно по ссылке
Дополнительной возможностью в рамках трека станет заявка на конкретный проект, которому кандидат готов уделять большую часть времени. Список и описание проектов, на которые можно подать заявку, представлен ниже:

Кодабра – обучение школьников программированию и цифровому творчеству в интересной для них форме через создание игр, анимации, сайтов, роботов. С помощью сети волонтеров проекта проводятся бесплатные вводные курсы в школах России, формируется интерес к дальнейшему изучению программирования на углубленных курсах.
Школа игропрактиков и модераторов - подготовка специалистов, владеющих различными инструментами управления групповой коммуникацией, обладающих навыками переработки и упаковки результатов групповой работы, способных подготовить сценарий мероприятия под задачу.
Метод ассоциативного мышления– тренинги Павла Суркова.
Сетевая аспирантура – организационное сопровождение проектов Тимура Щукина.
 Ассоциация техноброкеров - программа Дебатов в Точке кипения в октябре-декабре 2016 г. 
3D технологии в образовании - внедрение изучения 3D технологий в основной процесс образовательных организаций с целью воспитания талантливого молодого поколения российских инженеров.
Школа IT-решений – программа для школьников 8-11 классов по реализации IT-проектов. 
Олимпиада НТИ - перспективная система командных инженерных состязаний школьников, дающих привилегии при поступлении в университеты России.
Платформа Глобаллаб – проект представляет собой образовательную онлайн-платформу, обеспечивающую в полном объеме функциональность необходимую для реализации совместных школьных исследовательских проектов.
inLearno – проект, направленный на создание индивидуальных образовательных траекторий для вовлечения школьников в Национальную технологическую инициативу (НТИ).

2.       «Национальная технологическая инициатива» (НТИ). Задачи:

Помощь в организации и проведении заседаний рабочих групп, в т.ч. оформление протоколов заседаний рабочей группы, помощь в подготовке докладов и презентаций.
Изучение рыночных, социальных и технологических трендов для уточнения образа будущего 2035 года.
Оформление дорожных карт с соблюдением методологии их разработки.
Подготовка аналитических обзоров по развитию отраслевых технологий в различных странах мира, ведение реестров и карт развития перспективных технологий.
Подготовка обзорных материалов по реализации отдельных инициатив, состоянию рынка, ключевым технологиям и др.

Дополнительное требование на данный трек – техническое образование (обучение по техническим специальностям), наличие не менее 15 свободных часов в неделю для выполнения задач, а также возможность очного присутствия в Точке кипения. Дополнительной возможностью в рамках трека станет заявка на сопровождение конкретных рынков, в том числе: 

FASHIONNET - перспективный, глобальный сетевой рынок основанный на передовых разработках в технологиях производства и сбыта продуктов модной индустрии. 
Медианет – рынок персонализированных коммуникативных услуг и сервисов, основанных на интеллектуальных платформах и нейротехнологиях, технологиях дополненной и виртуальной реальностей.

3. Международный трек – работа по международным инициативам Агентства (GEF, БРИКС). Возможность поработать с Павлом Лукшей. Дополнительное требование на данный трек – хорошее знание английского языка. 
4. Журналистский трек – работа в социальных сетях: подготовка публикаций о проектах, продвижение мероприятий, подготовка публичных материалов, пригодных для использования в пространстве Точки кипения.
5. IT-трек – работа с системой Leader-ID, создание базы знаний направления, онлайн-библиотеки Точки кипения и др.
Стажировка в Агентстве стратегических инициатив - это возможность участвовать в работе проектных, творческих команд, включающих в себя экспертов из профессиональных сообществ, исследовательских центров и профильных министерств. Мы гарантируем интересные задачи, внимание и поддержку, комфортную атмосферу, интересные встречи и массу возможностей для профессионального и личностного роста.
Статистика по предыдущим стажировкам доступна по ссылке .
Чтобы присоединиться к программе стажировок, необходимо создать и заполнить профиль на leader-id.ru, а также подать заявку, выбрав соответствующий трек. После этого мы с вами свяжемся и пригласим пообщаться.
По итогам успешного завершения стажировки участники программы получат благодарственное письмо от направления «Молодые профессионалы» АСИ, подтверждающее успешное участие в стажировке, а также рекомендации по трудоустройству в партнерские организации Агентства. 
 


 




"
28,https://leader-id.ru/specials/openselection_directors_ws/,Открытый отбор на позицию директоров направлений Союз «Ворлдскиллс Россия»,"







Описание вакансий





 Директор направления по организации чемпионатов по стандартам WS Федерального и Международного уровня.rtf








 Директор направления по продвижению чемпионатов WS Hi-Tech в международном пространстве.rtf








 Директор направления по работе с участниками прошедших чемпионатов по стандартам WS.rtf





Кейсы к вакансиям





 Кейсы к вакансиям (1).rtf







Союз «Ворлдскиллс Россия» совместно с Агентством стратегических инициатив  объявляет открытый отбор на позицию директоров направлений!
WorldSkills Russia –  это приоритетный национальный проект в рамках международного некоммерческого движения WorldSkills International, целью которого является повышение престижа рабочих профессий и развитие профессионального образования путем гармонизации лучших практик и профессиональных стандартов посредством организации и проведения чемпионатов профессионального мастерства. Россия в 2019 году примет международный чемпионат WorldSkills Competition 2019, в котором примут участие конкурсанты 76 стран мира.
WorldSkills Russia сегодня:

78 регионов РФ, присоединившихся к движению WorldSkills Russia,
152 региональных чемпионата,
более 20 000 конкурсантов, 25 000 экспертов, 1 000 000 зрителей,
4 Национальных чемпионата,
2 чемпионата Hi-Tech по сквозным профессиям среди концернов и холдингов, предприятий РФ.

Союз «Ворлдскиллс Россия» стремительно развивается, и для решения амбициозных задач мы ищем людей, способных проектировать уникальные решения и выполнять креативные задачи. Нам нужны профессионалы, которые мыслят системно, свободны от стереотипов, ориентируются в последних мировых трендах и умеют быстро усваивать большое количество новой информации.
Открытый отбор проводится на следующие позиции:

Директор направления по работе с участниками прошедших чемпионатов по стандартам WS,
Директор направления по продвижению чемпионатов WorldSkils Hi-Tech в международном пространстве,
Директор направления по организации чемпионатов по стандартам WS Федерального и Международного уровня.

Чемпионаты профессионального мастерства по стандартам WorldSkills – это ключевые события в сфере оценки и подготовки кадров по самым перспективным профессиям. Ежегодно региональные и национальные чемпионаты посещают более 500 000 человек. Это уникальная площадка для коммуникации лидеров российской промышленности, бизнесменов, HR-директоров крупнейших промышленных холдингов, представителей государственных институтов развития, федеральных и региональных органов власти, а также международных экспертов, спикеров, которая позволяет обмениваться лучшими мировыми практиками подготовки чемпионов и рабочих кадров для экономики.
Отбор проводится в 2 этапа:
Первый заочный этап. Для участия в нем необходимо решить размещенные на сайте кейсы (формат представления - презентация не более 3 слайдов PowerPoint), загрузить подробное резюме и представить команду с которой Вы готовы присоединится к WorldSkills Russia . Заявки и решенные кейсы от кандидатов принимаются включительно до 11 ноября 2016 года.
Второй очный этап. Авторы лучших решений попадут на деловую игру, где наглядно продемонстрируют свои профессиональные навыки и личные качества. 18 ноября 2016 года экспертная комиссия отберет заявки для участия в очном этапе, который состоится 24 ноября 2016 года в коворкинг-центре Агентства стратегических инициатив «Точка кипения» по адресу: Москва, Малый Конюшковский переулок, д.2, 3 этаж
Присоединяйтесь к команде молодых профессионалов!




"
29,https://leader-id.ru/specials/competition_regional_teams/,Конкурс региональных команд на право участия в «Форсайт-навигации 2017»,"





Агентство стратегических инициатив проводит конкурс среди региональных команд на право проведения Форсайт-флота 2017 года.
Цель конкурса - поиск и поддержка команд, деятельность которых направлена на решение социально-экономического задач своего региона. Агентство ведет работу по тиражированию лучших практик, форматов (Форсайт-флот) и методик  (Rapid Foresight, Открытый отбор) доказавших свою эффективность.
Конкурс пройдет в 2 этапа:

с 10 октября по 10 ноября - прием и отбор заявок на сайте leader-id.ru
с 21 по 27 ноября (дата уточняется)  - проектная сессия для региональных команд на площадке Точка кипения, г. Москва. 1 декабря - объявление победителей конкурса на сайте asi.ru (до 5 проектных команд)

В заявке команды должны представить проект подготовки и проведения «Форсай-флота» в своем регионе, включая:

цели и задачи мероприятия в контексте социально-экономического развития региона;
стейкхолдеры проекта, партнеры, подрядчики;
повестка: содержательные направления мероприятия;
место и сроки проведения, программа мероприятия;
организационная модель мероприятия (позиции в команде, распределение обязанностей: организация, содержание, методика);
механизм отбора участников, экспертов, ведущих;
условия участия,
подготовка/отбор модераторов тематических групп (если требуются);
медиаплан, программа освещения мероприятия и его результатов;
разработка и производство раздаточных материалов, элементов оформления мероприятия с использованием фирменного стиля «Форсайт-флот»;
финансовый план проекта с указанием согласованных источников;
план использования/внедрения результатов мероприятия в регионе;
состав команды со ссылками на профили в системе leаder-id.ru

Требование к заявке: презентация проекта подготовки и проведения «Форсай-флота», объемом не более 20 слайдов
Победители конкурса получают право на проведение «Форсайт-флота» в 2017 году, использование фирменного стиля, информационную, методическую и организационную поддержку мероприятия со стороны Агентства, в том числе привлечение тематических экспертов и модераторов.
*О формате «Форсайт-флот»
 «Форсайт-флот» - уникальный, не имеющий аналогов в России и мире, формат групповой коммуникации, в ходе которой участники совместно разрабатывают дорожные карты отраслевого и территориального развития и проекты  по  наиболее значимым и перспективным направлениям в экономике, социальной сфере, государственном управлении. Характерной особенностью «Форсайт-флота» является формирование устойчивых социальных и деловых связей между участниками, создание проектных команд, объединенных совместными целями и  общим видением способов их достижения. «Форсайт-флот» является площадкой для реализации лучших практик организации совместной проектной работы – от мастер-классов и лекций авторитетных экспертов в области экономики, культуры, инновационного развития до коучинг-сессий и деловых игр. http://foresighttrip.asi.ru/
Контактное лицо Ксения Андреева ka.andreeva@asi.ru, +7(925) 090-65-24




"
30,https://leader-id.ru/specials/asi-projects/,Проекты АСИ,"





                    Предложите свой проект Агентству стратегических инициатив. Мы поможем снять административные и иные барьеры, препятствующие реализации проекта; обеспечить доступ к коммуникациям в регионах, в том числе - для тиражирования идеи, распространения лучших практик. Мы имеем возможность привлечь стратегических партнеров, обеспечить комплексную экспертизу в крупнейших научно-исследовательских центрах, всестороннее освещение в СМИ, региональную и федеральную поддержку.                



"
36,https://leader-id.ru/specials/Technology2035/,Конкурс проектных идей «Школьный урок технологии – 2035»,"





В рамках работы по выполнению поручения Президента Российской Федерации о представлении предложений по совершенствованию преподавания в общеобразовательных организациях учебного предмета «Технология» Агентство стратегических инициатив с 20 июня по 10 июля 2016 года проводит конкурс проектных идей «Школьный урок технологии – 2035».
Участникам конкурса предлагается представить свои идеи о том, как должен выглядеть школьный курс «Технология» в будущем на горизонте 10 – 20 лет.
При разработке решений предлагаем исходить из следующего целеполагания для учебного курса «Технология»:

развитие навыков проектно-исследовательской деятельности, в том числе работа над реализацией реальных проектов/продуктов,
развитие знаний и компетенций в перспективных технологических направлениях (работа с данными, работа с искусственным интеллектом и др.),
формирование запроса на изучение других школьных предметов (математики, физики, химии, биологии и др.), междисциплинарный характер предмета,
обеспечение «сквозного» характера обучения по предмету в течение всего курса,
развитие навыков межличностной и межкультурной коммуникаций
и другие.

Конкурс проводится в следующих номинациях

Курс «Технология» глазами преподавателя. Необходимо схематически описать сквозную учебную программу с указанием

	
основных этапов (цели, задачи, перечень ключевых технологий, оценка эффективности каждого из этапов),
возможных форматов программы,
процессной схемы программы,
материально-технического оснащения,
необходимых площадок в школе и за ее пределами,
ожидаемого результата по итогам программы,



а также включить перечень и описание проектов, которые должны быть выполнены учащимися. 
Решение по номинации должно быть представлено в формате презентации, содержащей не более 5 слайдов.

Курс «Технология» глазами ученика.
	Необходимо подготовить программу предмета «Технология», описав технологии, которые хотел бы освоить учащийся школы. Данная номинация рассчитана на использование таких визуальных форм, как рисунки, граффити, мультфильм, видеоролик, фотография и др. Участники - дети от 10 до 17 лет. 

Решение по номинации может быть представлено в виде не более 3-х минутного видеоролика или с использованием других визуальных форматов в объеме не более 5 страниц.
Исходные материалы для работы:

Атлас новых профессий – http://atlas100.ru/
Описания приоритетных технологических направлений и рынков Национальной технологической инициативы – http://nti.one/

Авторы лучших решений будут приглашены на обсуждение концепции учебного предмета «Технология», проведение которого запланировано на 21-22 июля на Форуме стратегических инициатив, а также вовлечены в дальнейшую работу Агентства стратегических инициатив по данному проекту и другим перспективным образовательным проектам.
К участию в конкурсе приглашаются учителя, методисты, преподаватели, студенты педагогических вузов, эксперты Junior Skills, Worldskills, лидеры технологических компаний, молодые исследователи, а также школьники.
Вопросы по конкурсу вы можете задать Юлии Гудач (yu.gudach@asi.ru) и Ксении Андреевой (ka.andreeva@asi.ru). 




"
38,https://leader-id.ru/specials/openselection_national_business_network/,Открытый отбор на позицию директора по продукту Национальной предпринимательской сети,"







Описание вакансий





 Директор по продукту.docx







Национальная предпринимательская сеть и Агентство стратегических инициатив приглашает принять участие в открытом отборе на позицию Директора по продукту.
Национальная предпринимательская сеть (НПС) – флагманская инициатива «РЫБАКОВ ФОНД».
Миссия НПС – раскрыть предпринимательский потенциал каждого. Программа направлена на развитие инновационно-предпринимательской деятельности в школах и университетах, а также в среде молодых предпринимателей России. НПС создает систему вовлечения в предпринимательство, помогает сделать первый шаг и ускоряет развитие бизнеса. Сейчас Национальная предпринимательская сеть объединяет: 20 000+ человек из 150+ вузов и школ в 70+ городах России. В будущем планируется международная экспансия и тиражирование модели.
Директор по продукту НПС должен иметь опыт управления проектной командой и обладать стратегическим мышлением, понимать современные особенности развития образовательных проектов и предпринимательства, а также «быть внутри продукта»: от идеи до вывода ее на рынок. Кроме этого необходимо понимание особенностей развития предпринимательства и специфики российского бизнеса, а также наличие опыта взаимодействия с учебными и государственными организациями.
Продукт – программа развития предпринимательства, которая включает в себя пул форматов и методик. Например, один из форматов по вовлечению в предпринимательство – «Время действовать».
Вопросы, на которые предстоит ответить директору по продукту:

Как выбрать устойчивую продуктовую модель развития для быстрого масштабирования?
Какие форматы НПС должна создавать самостоятельно?
Какую роль сообщество играет в создании продукта?

 
Отбор проводится в 2 этапа:
Первый заочный этап.
Для участия необходимо написать эссе на тему «Как создать эффективную программу по развитию предпринимательства: 3 быстрые победы» (не более 1 страницы), загрузить резюме с описанием результатов на каждом месте работы и прикрепить короткое сопроводительное письмо. Заявки от кандидатов принимаются включительно до 19 декабря 2016 года.
Второй очный этап.
Финалисты первого этапа попадут на деловую игру, где наглядно продемонстрируют свои профессиональные навыки и личные качества. Экспертная комиссия отберет заявки для участия в очном этапе. 
Информация о дате и месте проведения деловой игры будет уточнена отдельно. 
 
 




"
39,https://leader-id.ru/specials/dvo-call/,Дальневосточный вызов,"





Развитие Сибири и Дальнего Востока – национальный приоритет России на весь предстоящий XXI век. Перед регионом и страной в целом поставлены беспрецедентные по своей амбициозности цели.
Фундаментальной основой достижения этих целей является высокопрофессиональная, сплоченная команда, объединенных общими ценностями людей, которые хотят реализовать самих себя в своей собственной стране.
Для формирования такой команды Министерство по развитию Дальнего Востока реализует проект «Дальневосточный вызов», целью которого является подбор, оценка и создание резерва управленческих кадров на территории Дальнего Востока.
Мы предлагаем вам попробовать свои силы (принять участие в конкурсе на должности) по следующим направлениям:


Министерство по развитию Дальнего Востока;


Региональные управленческие команды;


Институты развития Дальнего Востока;


Консультативные и совещательные органы;


Образовательные институты.


При проведении конкурса будут использованы лучшие мировые и отечественные технологии: открытый конкурсный отбор и ассессмент-центр (оценка управленческих компетенций).
Дальний Восток – территория возможностей и Ваш личный трамплин в будущее!




"
40,https://leader-id.ru/specials/openselection_monogorod_manager2/,Открытый отбор линейных менеджеров (консультантов),"







Описание вакансий





 Профиль должности Консультант (Линейный менеджер).docx





Кейсы к вакансиям





 Кейс и эссе.docx





Анкеты





 Анкета кандидата.docx







Фонд развития моногородов объявляет о начале открытого отбора кадрового резерва на замещение 16 вакансий линейных менеджеров проектного офиса Фонда развития моногородов, курирующих развитие моногородов Российской Федерации.
Деятельность линейных менеджеров осуществляется в рамках реализации приоритетного направления стратегического развития Российской Федерации до 2018 года и на период до 2025 года «Моногорода».
Основная задача линейного менеджера – сопровождение разработки и реализации программ развития моногородов, направленных на:

привлечение инвестиций и создание новых рабочих мест;
повышение удовлетворенности населения жизнью в моногородах;
развитие малого и среднего предпринимательства;
диверсификацию экономики моногородов.

Его деятельность осуществляется в следующих направлениях:

повышение инвестиционной привлекательности моногорода и создание условий для развития МСП;
привлечение и содействие реализации инвестиционных проектов. Формирование базы типовых проектов;
содействие получению мер финансовой и нефинансовой поддержки;
развитие объектов социальной инфраструктуры и городской среды;
развитие объектов транспортной и коммунальной инфраструктуры.

Отбор будет происходить в несколько этапов на основании соответствия кандидатов профилю должности, качества выполнения заданий и личного собеседования.
На первом этапе кандидатам необходимо выполнить базовое задание по одной из представленных тем в требуемом формате. Заявки от кандидатов принимаются до 23 января (включительно) 2017 года.
До 25 января 2017 года эксперты отберут заявки для тестирования (второй этап) и финального этапа собеседований (3 этап), о которых финалисты будут уведомлены.
Прошедшие отбор кандидаты будут зачисляться в штат Фонда развития моногородов в соответствии с волновым графиком расширения деятельности проектного офиса Фонда с февраля 2017 года на основании персональных приглашений.
Вас ждет интересная, многогранная и сложная работа в коллективе единомышленников на самом острие проблем реализации проектов развития моногородов.




"
41,https://leader-id.ru/specials/promo_planeta/,Технологическое реалити-шоу для hardware-стартапов,"





В Рунете стартует технологическое реалити-шоу для hardware-стартапов
В Рунете стартует реалити-шоу, в котором будут участвовать создатели hardware-стартапов. В рамках проекта «Битва технологий», организованного Planeta.ru и инвестиционной площадкой «EVA Invest» в партнерстве с РВК, основатели молодых технобизнесов научатся находить финансирование для своих разработок и представлять их публике, создадут свои краудфандинговые кампании и пообщаются с инвесторами.
#TechBattle #БитваТехнологий https://promo.planeta.ru/techbattle
Первое технологическое реалити-шоу в Рунете для hardware-стартапов «Битва технологий» достигло экватора! Голосуй за самый полезный гаджет и получи подарки!
Совместный проект краудфандинговой платформы Planeta.ru, EVA Invest в партнёрстве с Российской венчурной компанией (РВК)  привлёк к участию в шоу 10 команд разработчиков, а также более полутора десятков экспертов в области инвестиций, технологий, дизайна и маркетинга. Один проект уже сошел с дистанции. Кто будет победителем шоу и получит денежный взнос от РВК, решать только тебе!
Участники реалити-шоу: модуль управления замками LOCK4GATE, умная кормушка для аквариума FISHBALL.IO, электрическая приставка для инвалидного кресла UNA, бионический протез руки MEHAND от MAXBIONIC, тайм-трекер TIMEFLIP, зарядное устройство + flash-накопитель POWERDRIVE, автоматическая кормушка для животных ANIMO, комплект для создания робототехники LIVETRONIC и интерактивная игрушка MISHKA.
Познакомиться с проектами и экспертами, а также проголосовать за самые интересные гаджеты можно на сайте реалити-шоу: https://l.planeta.ru/techbattleshow
#TechBattleNews #Planetaru #Краудфандинг #TechnologyPlanetaru #EVAInvest #РВК




"
42,https://leader-id.ru/specials/openselection_tekhnopark/,Открытый отбор преподавателей-методистов,"







Описание вакансий





 Cписок входных компетенций.docx





Анкеты





 Шаблон анкеты.docx







ФГБНУ «Республиканский мультимедиа центр» – федеральный оператор сети детских технопарков «Кванториум» приглашает в команду преподавателей-методистов по следующим направлениям:
Космические технологии;
Геотехнологии;
IT (программирование, большие данные, Интернет вещей);
Аэротехнологии;
Энергетика;
Нейротехнологии;
Робототехника;
Нанотехнологии;
Оптические технологии;
Промдизайн.
А также:
Организаторов детского технического творчества/руководителей детских проектов (инженерия, изобретательство, мэйкерство, электроника, ТРИЗ, DIY)
Кураторов STEAM-проектов (естественные науки, искусство и инженерия)
Специалистов Fablab (3D-моделирование, ЧПУ, лазерная резка и др.)
Инженеров-программистов/Веб-разработчик cms-платформ
Список входных компетенций по направлениям прилагается.
Мы ищем ярких людей – профессионалов в своих направлениях, имеющих опыт работы с детьми или студентами, которые готовы поддерживать и внедрять идеологию дополнительного образования детей, вместе с командой разрабатывать новые модели дополнительного образования детей в детских технопарках «Кванториум», новые методики, оказывать поддержку преподавателям региональных детских технопарков “Кванториумов”.
Какими мы видим соискателей?
Яркие, творческие, харизматичные люди;
Профессионалы в своем направлении, имеют опыт и достижения;
Умеют работать в команде и нести ответственность за командный результат;
Хорошо разбираются в новых технологиях, педагогике, управлении проектами, в равной степени обладают как системностью, так и духом творчества, мобильны;
Умеют анализировать, обобщать опыт и создавать методические материалы;
Стрессоустойчивы, гибки и дружелюбны;
Умеют ставить задачи и решать их, а также работать в условиях неопределенности;
Умеют работать с детьми, организовывать учебную и внеурочную деятельность.
Если такой человек – это Вы, а может быть, Вы узнаете в портрете своего коллегу или товарища, мы открыты для предложений и обсуждений кандидатур.
Любой желающий (вне зависимости от места проживания),  может подать заявку на предлагаемые позиции.
Отбор проводится в 2 этапа:
Первый заочный этап
Для участия в конкурсе по отбору необходимо:
Заполнить анкету-резюме с учетом требований к входным компетенциям;
Предоставить кейс по своему направлению на тему
«Проект (инженерный/исследовательский), который я готов организовать
и провести с детьми» (документ формата PowerPoint (в электронном виде) объемом не более 3 слайдов);
Снять и разместить в публичном доступе ролик (до двух минут) со своим выступлением на тему «Я готов включиться в строительство новой системы дополнительного образования детей вместе с детскими технопарками «Кванториум», где отразить свое направление и личную позицию;
Загрузить заполненную анкету, кейс и ссылку на видео в срок до 12 апреля 2017 года.
Второй очный этап
Авторы лучших решений будут приглашены на очное мероприятие,
где наглядно продемонстрируют свои профессиональные навыки и личные качества. Экспертная комиссия отберет заявки для участия в очном этапе, о проведении которого будет указано дополнительно.
Условия работы:
Работа в Москве;
Полная занятость;
Оформление по ТК РФ;
Командировки по стране;
Достойная заработная плата.
 
Присоединяйтесь к команде кванторианцев!




"
43,https://leader-id.ru/specials/asi/,АСИ,"





                    Агентство стратегических инициатив                



"
47,https://leader-id.ru/specials/investstandart/,Региональный инвестиционный стандарт,"







Документы





 Анкета кандидата в Экспертную группу по мониторингу внедрения Стандарта








Стандарт деятельности органов исполнительной власти субъекта Российской Федерации по обеспечению благоприятного инвестиционного климата в регионе был разработан Агентством стратегических инициатив совместно с Общероссийской общественной организацией «Деловая Россия» и утвержден наблюдательным советом Агентства 3 мая 2012 года.
Цель внедрения Стандарта - создание необходимых условий для увеличения притока инвестиций в регионы, а также ведения бизнеса путем внедрения лучших российских и международных практик взаимодействия региональных органов власти с предпринимателями.
Основными положениями Стандарта являются требования по осуществлению региональными органами власти комплекса мер, направленных на повышение инвестиционной привлекательности региона, защиты прав инвесторов, повышение прозрачности системы поддержки предпринимателей.
Экспертная группа – это общественный совещательный орган, созданный Агентством в каждом субъекте Российской Федерации из представителей объединений предпринимателей, лиц, осуществляющих инвестиционную и предпринимательскую деятельность, специалистов и экспертов.
Основной задачей Экспертных групп является оценка эффективности функционирования созданных в регионе институтов и инструментов в соответствии с основными требованиями Стандарта.
Членство в Экспертной группе предоставляет возможность представителям бизнес-сообщества в ходе партнерского диалога с органами исполнительной власти оказывать влияние на формирование инвестиционной политики субъекта Российской Федерации.
Подать заявку для рассмотрения Вашей кандидатуры для включения в состав Экспертной группы по мониторингу внедрения Стандарта для оценки результативности деятельности исполнительной власти Вашего региона над обеспечением благоприятного инвестиционного климата можно здесь:кнопка регистрации
Заявки принимаются до 30 июня 2014 года.
 
Общие требованияк кандидатам в члены Экспертной группы:
Готовность принимать участие в заседаниях Экспертной группы в соответствии с поставленными задачами на безвозмездной основе;Независимость при принятии решения (отсутствие каких-либо ограничений для принятия решений, руководствуясь исключительно собственными убеждениями и компетенциями);Компетентность (наличие представлений о текущей ситуации в регионе и уровне развития отдельных отраслей; Cпособность определения проблемных вопросов, возникающих у потенциальных инвесторов, и выработки их решения; Возможность получения обратной связи от представителей бизнес-сообщества относительно качества внедрения Стандарта).
 
В Экспертную группу не могут быть включены:

Лица, состоящие в родственных или иных близких связях с сотрудниками исполнительных органов государственной власти субъектов Российской Федерации;
Сотрудники предприятий и организаций, находящихся под прямым или косвенным контролем органов исполнительных власти субъектов Российской Федерации;
Лица, имеющие (по данным бизнес-ассоциаций, независимых экспертов или прочих независимых источников информации) негативную репутацию в деловой среде региона, в связи с которой участие данных лиц может поставить под сомнение объективность решений всей Экспертной группы.

 
Ознакомиться с Регламентом деятельности Экспертной группы по мониторингу внедрения Стандарта деятельности органов исполнительной власти субъекта Российской Федерации по обеспечению благоприятного инвестиционного климата в регионе, утвержденным Решением Дирекции Автономной некоммерческой организации «Агентство стратегических инициатив по продвижению новых проектов» (Протокол №46 от 21 января 2014 года) Вы можете здесь -http://investstandart.ru/resources/uploads/reglament-deyatelnosti-EG.pdf

Региональный инвестиционный стандарт – ключевой проект АСИ по созданию благоприятных условий для ведения бизнеса в регионах. Стандарт включает 15 лучших инвестиционных практик, используемых экономически наиболее успешными регионами. 



"
49,https://leader-id.ru/specials/openselection-asi/,Открытый отбор общественных представителей АСИ,"







Документы





 Положение об общественных представителях  в субъектах Российской Федерации. Утверждено решением Дирекции от «20» сентября 2016.pdf








 Кейс - требования.docx








 Анкета на общественного представителя АСИ.docx







Агентство стратегических инициатив объявляет открытый отбор общественных представителей по направлению «Новый бизнес» в 32 регионах России.
Агентство стратегических инициатив (АСИ) объявляет открытый отбор общественных представителей в следующих регионах:
Дальневосточный федеральный округ

Сахалинская область
Чукотский автономный округ

Приволжский федеральный округ

Пензенская область
Республика Татарстан
Кировская область
Ульяновская область

Северо-Западный федеральный округ

Калининградская область
Ненецкий автономный округ
Новгородская область
Псковская область
Республика Карелия
Республика Коми

Северо-Кавказский федеральный округ

Карачаево-Черкесская Республика
Ставропольский край

Сибирский федеральный округ

Иркутская область
Новосибирская область
Омская область
Республика Бурятия
Республика Тыва

Уральский федеральный округ
       •  Свердловская область
Центральный федеральный округ  

Белгородская область
Брянская область
Владимирская область
Калужская область
Костромская область
Смоленская область
Тверская область
Тульская область

Южный федеральный округ

Краснодарский край
Республика Адыгея
Ростовская область
Республика Крым

БАЗОВЫЕ ТРЕБОВАНИЯ К КАНДИДАТУ:
• Наличие опыта достижения значимого результата;
• Коммуникационные навыки;
• Знание региона;
• Аналитические, управленческие навыки;
• Лидер;
• Эксперт в соответствующей области;
• Имеет возможность работать на общественных началах, так как должность общественного представителя АСИ является внештатной и не оплачивается.
Общественный представитель привлекается к сотрудничеству для реализации целей деятельности Агентства и выполняет следующие функции:

внедрение в субъектах Российской Федерации инициатив, разработанных, либо поддерживаемых направлениями и ключевыми департаментами Агентства;
выявление лидерских и системных проектов, лучших практик развития
	в субъектах Российской Федерации, соответствующих целям и задачам деятельности Агентства;
продвижение инициатив по улучшению предпринимательского климата, содействие преодолению административных барьеров при реализации проектов и инициатив соответствующих направлений и ключевых департаментов Агентства;
сотрудничество (или взаимодействие) с другими общественными представителями Агентства в регионе для повышения эффективности результатов деятельности;
организация межрегионального обмена лучшими практиками внедрения инициатив Агентства;
взаимодействие Агентства с региональными органами власти, территориальными органами федеральных органов исполнительной власти, бизнес-ассоциациями и региональными отделениями общероссийских общественных объединений, институтами развития и экспертным сообществом;
  развитие сообщества Агентства через вовлечение региональных лидеров в повестку Агентства и консолидация их вокруг общественных представителей Агентства в регионах;
расширение присутствия повестки Агентства в информационном поле регионов, как через средства массовой информации (СМИ) и официальные онлайн-сервисы и веб-сайты в сети Интернет (в том числе социальные сети), так и через адресное донесение информации целевым аудиториям;
иные цели, в рамках которых решаются задачи Агентства.

ДОКУМЕНТЫ К ЗАЯВКЕ КАНДИДАТА:
• Анкета кандидата (заполненная разборчиво и подписанная).
• Решение Кейса АСИ.
• Сканы рекомендаций (3 шт.).

С 27 марта по 21 апреля 2017 года – приём заявок (анкета кандидата, фото, решение кейса, рекомендательные письма (не менее 3х рекомендаций).
С 22 апреля по 19 мая 2017 года – оценка полученных анкет, формирование списка финалистов.
С 22 мая по 24 мая 2017 - приглашение кандидатов на публичный отбор.
07 июня 2017 -  проведение публичного этапа открытого отбора в городе Москве на площадке АСИ «Точка кипения»
09 июня 2017 года – объявление результатов открытого отбора, публикация на сайте Агентства.

При возникновении вопросов, направляйте их на адрес: KonkursOP@asi.ru
Мы предлагаем вам присоединиться к нашей команде и вместе построить страну, 
в которой хочется жить и работать!
Если у вас возникли сложности с подачей заявки или вы хотите внести изменения в уже поданную заявку, пишите запрос на почту и наш специалист свяжется с вами: users@leader-id.ru




"
52,https://leader-id.ru/specials/ff-school-nti/,Форсайт-школа НТИ,"







Документы





 Общее описание Форсайт-школы НТИ








 Методичка 0.3. Rapid Foresight








 Презентация о рынке БПЛА







С 5 марта по 10 апреля проводится Форсайт-школа для модераторов Национальной технологической инициативы (НТИ). Основная задача школы - подготовка модераторов, способных ориентироваться в новых рынках и технологиях, уметь сформировать команду из участников форсайт-группы, управлять процессом разработки дорожных карт, собрать и оформить результаты работы группы.
Для  решения этой задачи в программу включены следующие учебные модули:

освоение метода Rapid Foresight (от определения цели до отчетной документации) - теоретическая подготовка и форсайт-практикумы;
методико-технологический инструментарий модератора: от способов организации мышления и инструментов решения задач до игровых методов работы с коллективными смыслами;
основы групповой коммуникации: от базовых принципов и функциональных позиций до конкретных методик;
групповая динамика, групповая коммуникация как инструмент управления групповой динамикой;
игропрактическая лаборатория. Большая игра «Управление конфликтом. Принятие коллективных решений»;
проекты и программы развития, понятие инноваций и модернизационных проектов.

Все полученные знания и навыки выпускники школы будут применять в ходе стратегических сессий по разработке Дорожных карт НТИ на Форсайт-флоте 2015 года. Обучение будет строиться по принципу «перевернутого урока»: теоретические основы участники Форсайт-школы будут осваивать самостоятельно,  практическую отработку знаний и навыков - проходить на занятиях. В конце учебного курса участники Форсайт-школы подготовят отчетные презентации результатов проведенных сессий.
Обучение бесплатное. Основные занятия проводятся по схеме: вторник, среда, четверг с 18:00 до 22:00 и суббота с 10:00 - 18:00. 




"
54,https://leader-id.ru/specials/educationglobal/,Глобальное образование,"







Документы





 Презентация о поступлении в зарубежный вуз








 Презентация для работодателей








 Брошюра о программе








 Презентация с пресс-конференции








 Презентация программы







О Программе
Программа «Глобальное образование» - это государственная программа социальной поддержки граждан Российской Федерации, самостоятельно поступивших в ведущие иностранные образовательные организации и обучающихся в них по специальностям и направлениям подготовки, качество обучения по которым соответствует лучшим мировым стандартам, и обеспечения их трудоустройства в организации, зарегистрированные на территории Российской Федерации, в соответствии с полученной квалификацией.
Программа утверждена постановлением Правительства Российской Федерации от 20 июня 2014 года №568.
Программа финансирования обучения за границей для граждан Российской Федерации направлена на сохранение и приумножение научных, педагогических, медицинских и инженерных кадров, управленческих кадров в социальной сфере, а также на поддержку граждан Российской Федерации, самостоятельно поступивших в ведущие иностранные образовательные организации, и их последующее трудоустройство.
За период с 2014 по 2016 год планируется выделить грант на обучение не менее 718 граждан Российской Федерации.
В Программе участвуют 288 ведущих зарубежных университетов в 32 странах мира. 
Порядок участия в Программе и требования к участнику
Принять участие в Программе и получить грант на обучение в магистратуре, аспирантуре и ординатуре в ведущих зарубежных университетах по направлениям медицина, наука, инженерия, образование и управление в социальной сфере может гражданин Российской Федерации, подавший заявку на официальном сайте Программы, соответствующий требованиям и условиям Программы и ставший победителем конкурсного отбора. В год проходит несколько конкурсных отборов, в рамках которых наблюдательным советом Программы утверждаются списки участников Программы.
Даты конкурсных отборов
В 2015 году планируется проведение 4 конкурсных отборов на участие в Программе:

1 конкурсный отбор 2015 года: с 11 декабря 2014 года до 22 марта 2015 года;
2 конкурсный отбор 2015 года: с 23 марта по  7 июня 2015 года;
3 конкурсный отбор 2015 года: с 8 июня по 6 сентября 2015 года;
4 конкурсный отбор 2015 года: c 7 сентября по 8 ноября 2015 года.

Даты проведения конкурсных отборов в 2016 году будут опубликованы на сайте в конце 2015 года.
Требования к кандидату на участие в Программе:

гражданство Российской Федерации;
наличие документа о поступлении или обучении в ведущей иностранной образовательной организации, включенной в перечень иностранных образовательных организаций, утвержденный распоряжением Правительства Российской Федерации от 15 июня 2015 г. №1101-р по образовательной программе магистратуры, аспирантуры или ординатуры очного обучения (full time);
отсутствие непогашенной судимости или неснятой судимости;
наличие документа об образовании и о квалификации (диплома бакалавра или специалиста (дипломированного специалиста);
отсутствие на момент регистрации в электронной очереди оснований для освобождения участника Программы от исполнения обязательств по трудоустройству согласно пункту 4 Правил возврата средств.

Для участия в Программе необходимо зарегистрироваться и подать заявку на официальном сайте Программы http://educationglobal.ru/ и предоставить оператору Программы, которым является Московская школа управления СКОЛКОВО, комплект конкурсных документов. Регистрация в программе доступна по ссылке при нажатии кнопки «Регистрация» на странице выше. 
Перечень ведущих иностранных образовательных организаций, участвующих в Программе, а также перечень образовательных программ, соответствующих требованиям Программы, можно посмотреть на официальном сайте Программы http://educationglobal.ru/. 
Дополнительную информацию о Программе и участии в ней можно получить по телефону горячей линии 8-800-50-50-623 или по электронной почте globaledu@skolkovo.ru




"
55,https://leader-id.ru/specials/university_NTI/,Конкурсный отбор проектов и проектных команд по развитию университетов в рамках Национальной технологической инициативы,"





Объявлен конкурсный отбор проектов и проектных команд по развитию университетов в рамках Национальной технологической инициативы
Российская венчурная компания (РВК) совместно с Агентством стратегических инициатив (АСИ) открывает прием заявок от проектных команд на вхождение в состав университетской рабочей группы Национальной технологической инициативы (НТИ).
Современный университет – это ядро общества знаний и важнейший канал трансфера технологий, это институт общества, выполняющий роль инновационного хаба в экономике государства. Такой университет является основой для формирования рынков НТИ, и мы называем его «Университетом НТИ».
Университет НТИ – это

подготовка профессионалов для рынков НТИ и работа с талантами – драйверами будущего развития,  
прикладные и, возможно, фундаментальные исследования по тематикам НТИ,
эффективные связи с бизнес-сообществом,
инновационная инфраструктура (центры трансфера технологий, бизнес-инкубаторы, технопарки и т.д.)

и, как следствие,

эффективное управление интеллектуальной собственностью,  коммерциализация разработок и генерация новых бизнесов на рынках НТИ.

Таким образом, Университет НТИ - это российская модель реализации концепции Университета 3.0.
Конкурсный отбор пройдет в 3 этапа:
I этап: 28 марта – 10 апреля 2016 года – прием заявок от проектных команд;
II этап: 10 апреля – 15 апреля 2016 года – заочное рассмотрение проектов;
III этап: 21 апреля – 22 апреля 2016 года – очные презентации проектов-финалистов.
По итогам очных презентаций проектов будут определены лучшие проектные команды, которые примут участие в Форсайт-флоте 2016 года и смогут включить свои проекты в университетскую дорожную карту НТИ.
Для участия в I этапе необходимо представить концепцию проекта развития вашего университета до формата Университета НТИ в виде 4 слайдов инфографики (в формате pdf).
В презентации постарайтесь ответить на следующие вопросы.

Как найти и привлечь лучшие таланты? Как сформировать лучшие траектории их обучения и развития? Как превратить их в высококлассных предпринимательски мыслящих специалистов, которые внесут заметный вклад в развитие рынков НТИ?
Как создать в университете лучшую среду для развития R&D совместно с бизнес-сообществом в русле тематик НТИ?
Как создать в университете эффективную систему трансфера технологий, позволяющую коммерциализировать накопленные знания и разработки в целях НТИ?
Кто входит в вашу проектную команду и каковы ваши ключевые компетенции, которые позволят реализовать данный проект? Какие ресурсы вы планируете использовать?

По результатам заочного рассмотрения, авторы лучших проектов будут приглашены на очный этап отбора, который пройдет в Москве 21-22 апреля в рамках Форума «Экосистема инноваций: Университеты и научные центры». Формат презентации на очном отборе – не более 4 минут на выступление и 2 минут на ответы на вопросы от членов жюри.
Напоминаем, что заявки принимаются до 10 апреля 2016 года.
Контактное лицо: Александра Энговатова, UniversityNTI@gmail.com




"
56,https://leader-id.ru/specials/directorium/,Директориум,"






 

Вы можете заявить о своем желании вступить в реестр профессиональных директоров Ассоциации «Директориум», либо о желании получать информацию о проводимых мероприятиях Проф.сообщества, в том числе закрытых. После получения заявки на указанный в Вашей анкете e-mail придет запрос на подтверждение  и более подробная информация. 
 
Профессиональное сообщество директоров Агентства стратегических инициатив.
 
Ассоциация «Профессиональное сообщество «Директориум» создана в соответствие с соглашением о сотрудничестве от 22.06.2013 между АСИ и Росимуществом. Она объединяет более 600 профессионалов, треть из которых избраны в советы директоров и ревизионные комиссии компаний с государственным участием. 
Деятельность Ассоциации направлена на повышение эффективности управления имуществом, в том числе через развитие существующих и создание новых механизмов корпоративного управления, одним из которых является институт профессиональных директоров.
Ассоциация является разработчиком проекта профессионального стандарта «Член коллегиального органа управления».
Также на сегодняшний день Ассоциация является исполнителем по социально значимому проекту «Рейтинг Директориум — Разработка и апробация методики рейтингования (оценки) предприятий с государственным участием по показателям эффективности финансово-хозяйственной деятельности», реализуемого в соответствии с грантовым направлением (распоряжение Президента Российской Федерации Владимира Путина №79-рп от 01.04.2015г.).
 
 




"
58,https://leader-id.ru/specials/openselection_region21/,Открытый отбор общественных представителей в регионах (июль 2016),"







Документы





 1. Требования к Общественным представителями МП.docx








 2. Согласие на обработку персональных данных.docx








 4. Кейс для ОП МП на заочный этап.doc








 3. Анкета ОП_резюме.docx







Направление «Молодые профессионалы» Агентства стратегических инициатив (АСИ) проводит Открытый отбор общественных представителей в регионах
Команда направления «Молодые профессионалы» АСИ ищет амбициозных, активных, известных в регионе лидеров и экспертов в образовательной и научно-технической областях,  знающих текущую ситуацию в образовании и кадровом обеспечении экономики региона и готовых внести свой вклад в сохранение и преумножение человеческого капитала на территории.
Мы ждем лидеров, готовых сформировать новую образовательную повестку региона, основанную на перспективных потребностях экономики, учитывающую новые формы и способы обучения и получения знаний, умений и навыков.
Роль общественных представителей направления «Молодые профессионалы» заключается в содействии в реализации на территории региона проектов и инициатив, поддержанных Агентством, а именно:

содействие внедрению регионального стандарта кадрового обеспечения промышленного роста;
содействие реализации образовательных проектов и инициатив, осуществляемых в рамках Национальной технологической инициативы;
выявление лучших образовательных практик в регионе,  а также образовательных проектов и инициатив;
взаимодействие с региональными органами власти, общественными объединения и организациями, институтами развития и экспертным сообществом с целью применения лучших образовательных практик других субъектов.
сотрудничество (или взаимодействие) с общественными представителями Агентства в регионе по другим направлениям для повышения эффективности результатов деятельности.

 
Общественный представитель не является штатным сотрудником АСИ и работает на безвозмездной основе.
Отбор проводится в следующих регионах:

Белгородская область
Владимирская область
Краснодарский край
Красноярский край
Липецкая область
Мурманская область
Нижегородская область
Новосибирская область
Пермский край
Республика Саха (Якутия)
Республика Татарстан
Самарская область
Свердловская область
Тамбовская область
Тульская область
Тюменская область
Ульяновская область
Хабаровский край
Челябинская область
Чувашская республика
Ярославская область

Отбор будет проходит в 3 этапа.
На первом этапе кандидатам необходимо создать профиль (зарегистрироваться) в информационной системе поддержки лидеров АСИ Leader-id (leader-id.ru) и подать заявку, а именно: заполнить анкету, согласие на обработку персональных данных и решить кейс. Прием заявок осуществляется до 12 июля.
На втором этапе кандидаты, предложившие наиболее интересные решения кейса, пройдут тестирование на платформе «Тестирования и профориентации» и примут участие в очном этапе отбора и обучения, который состоится 22-23 июля 2016 года в 75 павильоне ВДНХ в рамках Форума стратегических инициатив.
Третий этап - финальные собеседования. 
Желаем удачи!




"
59,https://leader-id.ru/specials/selection_competencecenter/,Открытый отбор управленческих кадров Межрегиональных центров компетенций,"







Описание вакансий





 1. Требования_Руководитель Учебного центра МЦК.docx








 2. Требования_Руководитель Тренировочного полигона  МЦК.docx





Кейсы к вакансиям





 1. Кейс ОБЩИЙ для двух должностей.docx








 2. Кейсы для Руководителя учебного центра.docx








 3. Кейсы для руководителя Тренировочного полигона.docx







Министерство образования и науки РФ, Союз «Ворлдскиллс Россия» совместно с Агентством стратегических инициатив проводит открытый конкурсный отбор кандидатов на позиции руководителя Учебного центра и руководителя Тренировочного полигона Межрегиональных центров компетенций. Отбор кандидатов проводится в 3 этапа и должен завершиться до 20 августа текущего года.
Условия работы для позиций определены Министерством образования и науки РФ и Союзом «Ворлдскиллс Россия» соответствующие федеральному уровню. Для кандидатов предусмотрена возможность переезда в другой регион на период реализации проекта.
Для участия в открытом отборе кандидатов на позиции руководителя Учебного центра и руководителя Тренировочного полигона необходимо:
1) зарегистрироваться в системе в информационной системе поддержки лидеров АСИ Leader-id (leader-id.ru);
2) выполнить тестовые задания: кейс общий для двух должностей и один кейс на выбор, в зависимости от выбранной должности;
3) подать заявку на участие, прикрепить решение кейсов и резюме.
Порядок проведения отбора:
До 5 августа – прием заявок от кандидатов;
До 11 августа – экспертиза заявок и оценка качества решения кейсов экспертной комиссией;
18-19 августа 2016 года в Москве проведение очного этапа отбора для кандидатов, предложивших наиболее интересные решения;
До 27 августа проведение финальных собеседований.
Кандидаты, не получившие предложения о трудоустройстве, но показавшие высокие результаты, будут зачислены в кадровый резерв МЦК.




"
61,https://leader-id.ru/specials/test/,Тест,"





Тест




"
62,https://leader-id.ru/specials/selection_generalnydirector/,Открытый отбор на позицию генерального директора ОАО «Российская венчурная компания» (ОАО «РВК»),"







Описание вакансий





 Профиль вакансии.doc







Готовы изменить судьбу страны? Хотите повлиять на позиции России в борьбе за технологическое лидерство? Способны продемонстрировать свое видение приоритетов технологического развития? Сумеете взять колоссальную ответственность за ключевое направление экономической политики? Способны сформировать для реализации этой задачи амбициозную профессиональную команду? Тогда пробуйте!
Министерство экономического развития Российской Федерации совместно с Агентством стратегических инициатив проводит Открытый отбор на позицию генерального директора ОАО «Российская венчурная компания» (ОАО «РВК»).
Последние пять лет усилия Институтов развития были направлены на создание базовых элементов инновационной инфраструктуры, развитие профессиональных компетенций участников системы, стимулирование развития новых перспективных рынков и на поддержку инновационных проектов.
Новая технологическая революция бросает России новые вызовы. Взрывное развитие и распространение новых технологий, их проникновение во все сферы человеческой деятельности приводят  к быстрым и драматическим изменениям на глобальных рынках. Сегодня создание и развитие отраслей нового технологического уклада является приоритетом государственной экономической политики.
Право управления ОАО «РВК» получит тот, кто сможет представить наиболее убедительную стратегию развития компании, учитывающую приоритеты действующей государственной политики и предполагающую обоснованный выбор ее позиционирования среди других институтов развития.
Важнейшим критерием при оценке кандидата станут его опыт и компетенции в области экономики и финансов, корпоративного, государственного и публичного управления, глубокие знания венчурного рынка и основных мировых трендов технологического развития. Преимуществом для кандидата станет профессиональная команда, с которой он готов реализовать поставленные перед ОАО РВК задачи.
Заявки от кандидатов принимаются до 15 августа (включительно) 2016 года.
На первом этапе кандидатам необходимо выполнить задание: представить предложение по стратегии ОАО РВК на 2017-2020 годы и на перспективу, в котором определить способы решения задач по поддержке реализации Национальной технологической инициативы, развитию венчурного рынка и экосистемы в интересах технологического развития страны.
Формат представления - презентация на 10 слайдов плюс эссе не более 10 страниц описания.
Дополнительным преимуществом заявителя будет являться наличие команды, готовой реализовать заявленную Стратегию НТИ.
 
До 25 августа 2016 года экспертная комиссия отберет заявки для финального очного этапа, который состоится в первой декаде сентября.
 
Дополнительная информация для подготовки задания первого этапа:

Выступление Президента РФ на ПМЭФ 
Выступление Председателя Правительства РФ на ПСМ 
Информация о НТИ 





"
63,https://leader-id.ru/specials/openselection_monogorod_manager/,Открытый отбор линейных менеджеров (кураторов моногородов),"







Описание вакансий





 Профиль должности Консультант (Линейный менеджер).docx





Кейсы к вакансиям





 Кейс.docx





Анкеты





 Анкета кандидата.docx







Фонд развития моногородов объявляет о начале открытого отбора кадрового резерва на замещение 29 вакансий линейных менеджеров проектного офиса Фонда развития моногородов, курирующих развитие моногородов Российской Федерации.
Деятельность линейных менеджеров осуществляется в рамках реализации приоритетного направления стратегического развития Российской Федерации до 2018 года и на период до 2025 года «Моногорода».
Основная задача линейного менеджера – сопровождение разработки и реализации программ развития моногородов, направленных на:

привлечение инвестиций и создание новых рабочих мест;
повышение удовлетворенности населения жизнью в моногородах;
развитие малого и среднего предпринимательства;
диверсификацию экономики моногородов.

Его деятельность осуществляется в следующих направлениях:

повышение инвестиционной привлекательности моногорода и создание условий для развития МСП;
привлечение и содействие реализации инвестиционных проектов. Формирование базы типовых проектов;
содействие получению мер финансовой и нефинансовой поддержки;
развитие объектов социальной инфраструктуры и городской среды;
развитие объектов транспортной и коммунальной инфраструктуры.

Отбор будет происходить в несколько этапов на основании соответствия кандидатов профилю должности, качества выполнения заданий и личного собеседования.
На первом этапе кандидатам необходимо выполнить базовое задание по одной из представленных тем в требуемом формате. Заявки от кандидатов принимаются до 22 августа (включительно) 2016 года.
До 25 августа 2016 года экспертная комиссия отберет заявки для финального этапа собеседований (очных или дистанционных), о которых финалисты будут уведомлены.
Прошедшие отбор будут зачисляться в штат Фонда развития моногородов в соответствии с волновым графиком расширения деятельности проектного офиса Фонда с сентября по декабрь 2016 года.
Вас ждет интересная, многогранная и сложная работа в коллективе единомышленников на самом острие проблем реализации проектов развития моногородов.
 




"
64,https://leader-id.ru/specials/trainees_NTI/,(Старый) Агентство стратегических инициатив объявляет постоянный отбор стажеров и волонтеров в направление «Молодые профессионалы».,"







Кейсы к вакансиям





 КЕЙС НА ПОЗИЦИЮ СТАЖЕРА В ДЕПАРТАМЕНТ ПРОЕКТОВ И ПРАКТИК НАПРАВЛЕНИЯ «МОЛОДЫЕ ПРОФЕССИОНАЛЫ».docx







Агентство стратегических инициатив объявляет постоянный отбор стажеров и волонтеров в направление «Молодые профессионалы».
 
Команда «Молодых профессионалов» открывает постоянный отбор стажеров и волонтеров для проектов, связанных с реализацией ключевых задач Агентства, в том числе для  масштабного прорывного проекта — Национальной технологической инициативы (НТИ).
Нам нужны молодые люди, способные выполнять задачи в условиях неопределенности и ограниченности ресурсов. Нам нужны студенты и волонтеры, которые мыслят системно, свободны от стереотипов, и умеют быстро усваивать и анализировать большое количество новой информации.
Практика в направлении «Молодые профессионалы» - это возможность участвовать в работе проектных, творческих команд, включающих в себя экспертов из профессиональных сообществ, исследовательских центров и профильных министерств.
Чтобы стать стажером в нашей команде, нужно создать профиль на leader-id.ru, подать заявку, прикрепить резюме и выполнить тестовое задание.
Авторам лучших решений будет предложена стажировка в Агентстве стратегических инициатив по продвижению новых проектов. Стажировка не является оплачиваемой.
 




"
65,https://leader-id.ru/specials/competence_ws/,Отбор проектов для создания новых компетенций FutureSkills,"







Материалы





 Отбор новых компетенций Worldskills.pptx








 Пример презентации по компетенции.pdf








 Регламент ввода новой компетенции.pdf







Агентство стратегический инициатив совместно с Союзом «Молодые профессионалы (Ворлдскиллс Россия)» начинает отбор проектов для создания новых компетенций FutureSkills, а также для включения в существующие компетенции.
ЦЕЛЬ ОТБОРА:
Поиск существующих проектов готовых интегрироваться в систему подготовки кадров.
ЧТО ЭТО ДАЁТ?

Быстрый трансфер в национальную систему подготовки кадров
Быстрый трансфер в корпоративную систему подготовки кадров
Формирование экспертного сообщества
Разработка механизмов оценки квалификаций
Доступ к международному экспертному сообществу
Презентация и продвижение проекта на национальном и международном уровне
Доступ к партнерам  - ведущим производителям оборудования и поставщикам услуг

КРИТЕРИИ ОТБОРА:

Проект можно интегрировать в систему подготовки кадров
Проект можно интегрировать в систему профессионального образования
Проект можно использовать для профессиональной ориентации

ЧТО НУЖНО СДЕЛАТЬ:
Шаг 1. Определить, представлена ли компетенция в WorldSkills, или это только предстоит? Полный перечень компетенций http://worldskills.ru/techcom/kompetencii/

Если представлена, то подать заявку на участие в отборе. В презентации ответьте на следующие вопросы: «Как я могу помочь развитию компетенции: Расширение экспертного сообщества, Трансформация компетенции, Масштабирование  на новые целевые аудитории.
Если не представлена, перейти к Шагу 2.

Шаг 2. Описать проект как компетенцию. На данном этапе надо собрать ключевую информацию по проекту.
Важно:

Название компетенции
Лидер. В терминологии WorldSkills – главный эксперт, ответственный за развитие компетенции
Актуальность компетенции: почему это важно? кому это важно? есть ли аналоги в мире?
Функционал, составляющий основу компетенции: какие задачи конкурсант (или команда конкурсантов) должен решать, что должен знать, на каком оборудовании или с какими программами должен уметь работать
Как могут выглядеть соревнования по компетенции? Как может выглядеть конкурсное задание? Сколько будут стоить соревнования?
Партнеры: кто из партнеров (образование, бизнес etc) может помочь собирать соревнования и продвигать компетенцию?

* Смотри пример презентации по компетенции
Шаг 3.  Подача заявкии и экспертиза проекта
После подачи заявки её оценивает экспертное сообщество WorldSkills, дает заключение и рекомендации.
Отобранные проекты будут представлены на Рабочей группе экспертного совета АСИ «Развитие молодых профессиональных кадров» для получения официальной поддержки со стороны Агентства.
Шаг 4. Сбор полного пакета конкурсной документации
Когда первичная презентация одобрена экспертным советом, команда проекта разрабатывает пакет конкурсной документации:

Техническое описание

Документ, в котором описаны спецификация Компетенции, объем и содержание работ, процессы разработки, отбора, оценки, внесения изменений (если необходимо) и распространения конкурсного задания, ход соревнований и особые для данной Компетенции требования к технике безопасности

Конкурсное задание

У каждой Компетенции имеется конкурсное задание для соревнований, на примере которого Конкурсанты демонстрируют свое мастерство. Конкурсное задание разрабатывается таким образом, чтобы позволить Конкурсантам продемонстрировать навыки, указанные в техническом описании. Оно должно обеспечивать возможность оценить Конкурсантов путем обеспечения широкого диапазона возможных оценок, а также минимизировать требования к пространству, инфраструктуре и ресурсам

Инфраструктурный лист  

Список материалов и оборудования, предоставляемых Организатором Чемпионата для проведения соревнования по компетенции
* Смотри регламент ввода новой компетенции
Шаг 5.  Демо соревнование
Команда проекта при поддержке АСИ и Союза «Молодые профессионалы (Ворлдскиллс Россия)» собирает демо соревнования.
По факту проведения демо-соревнований команда проекта и эксперты WorldSkills вносят необходимые корректировки в пакет документации по компетенции, после чего ее можно масштабировать в чемпионатные линейки WorldSkills
Контакты:
Агентство стратегических инициатив – Игорь Руженцев, +7-926-209-04-39, io.ruzhentsev@asi.ru
Союз «Ворлдскиллс Россия» – Полина Фёдорова, +7-964-799-05-68, fedorova@worldskills.ru




"
66,https://leader-id.ru/specials/openselection_veb2/,Открытый отбор Внешэкономбанка на позиции сертифицированных менеджеров (2 волна),"







Документы





 Список документов заявителя.docx





Описание вакансий





 Профиль позиции.docx





Материалы





 Программа кандидата (шаблон).ppt








 Требования к заданию эссе «Программа кандидата».doc








 23 пилотных региона в которых отбор завершен.doc







Внешэкономбанк расширяет программу отбора менеджеров в регионах и проводит отбор на позиции до 7 июля 2017г.
К 23 пилотным субъектам* РФ присоединяются еще 62. В регионах, вошедших в пилот, уже завершен первый этап отбора сертифицированных менеджеров.
Институт сертифицированных менеджеров станет одним из основных инструментов формирования широкой воронки региональных проектов в рамках нового инвестиционного процесса ВЭБ. Первичная оценка проектов будет осуществляться непосредственно в регионах менеджерами, которые будут отобраны, а также обучены и сертифицированы ВЭБ (до 3-х менеджеров от региона).
Задачами Сертифицированного менеджера станут:

проактивный поиск и первичная фильтрация проектов в соответствии с требованиями Внешэкономбанка;
взаимодействие с инициаторами проектов в регионе и содействие им в формировании пакета документов;
направление сформированной проектной документации во Внешэкономбанк для принятия решения о финансировании проекта, взаимодействие с ВЭБ на этапах рассмотрения заявки.

Взаимодействие Сертифицированных менеджеров с ВЭБ и инициаторами проектов будет построено на он-лайн платформе «Фабрика проектов развития».
Возможности для Сертифицированного менеджера:

повышение социального и профессионального статуса - новый уровень взаимодействия с первыми лицами в регионе и бизнесом, расширение контактов на федеральном уровне;
возможность стать официальным связующим звеном между регионом и ВЭБ для продвижения крупнейших проектов в регионе;
регулярные встречи с руководством ВЭБ, возможность напрямую обсуждать идеи и проблемы;
общественное признание – возможность привести проект к «Премии развития»;
вклад в личный бренд – статус Сертифицированного менеджера для дальнейшего развития карьеры;
возможность принимать участие в работе экспертных площадок, в том числе организуемых Внешэкономбанком;
участие в программах ВЭБ по развитию персонала;
лучшие менеджеры могут быть зачислены в кадровый резерв ВЭБ 2.0 и присоединиться к команде управляющих существующими и новыми проектами банка.

Детали вознаграждения работы Сертифицированных менеджеров будут обсуждаться на интервью с кандидатами на втором этапе отбора.
Отбор будет проходить в два этапа:

Первый этап – заочный отбор кандидатов – продлится до 7 июля 2017 года;
Второй этап – собеседования с кандидатами – будет проведен в июле-августе 2017г.

 
Для участия в открытом отборе необходимо загрузить резюме, два рекомендательных письма и выполнить задание, которое включает в себя написание эссе и подготовку презентации. Заявка подается только один раз без возможности редактирования.
Более подробную информацию о новой модели Внешэкономбанка по работе с регионами Вы можете узнать из презентации по ссылке http://veb.ru/common/upload/files/veb/main/VEB2ASI.pdf
Команда ВЭБа готова ответить на Ваши вопросы, которые Вы можете направить на электронный адрес: regions@veb.ru
Станьте партнером Внешэкономбанка и развивайте экономику России вместе с нами!
*Заявки из регионов, вошедших в пилот, не принимаются. Перечень пилотных регионов расположен в левой части страницы, в качестве приложения




"
67,https://leader-id.ru/specials/openselection_ASI/,Открытый отбор в Агентство стратегических инициатив,"







Описание вакансий





 Руководитель проектного центра по развитию программы  Цифровая экономика.docx








 Руководитель проекта по развитию программы  Цифровая экономика.docx








 Руководитель проектного центра по развитию цифровой платформы талантов.docx








 Руководитель проекта по развитию цифровой платформы талантов.docx








 Руководитель проектного центра по координации мероприятий.docx








 Руководитель проекта по координации мероприятий.docx








 Руководитель проектного центра  по развитию сети Точек кипения.docx








 Руководитель проекта по развитию сети Точек кипения.docx








 Заместитель руководителя департамента поддержки НТИ по работе с госкомпаниями.docx





Кейсы к вакансиям





 кейс_Руководитель проектного центра по развитию программы  Цифровая экономика.docx








 кейс_Руководитель проекта по развитию программы  Цифровая экономика.docx








 кейс_Руководитель проектного центра по развитию цифровой платформы талантов.docx








 кейс_Руководитель проекта по развитию цифровой платформы талантов.docx








 кейс_Руководитель проектного центра по координации мероприятий.docx








 кейс_Руководитель проекта по координации мероприятий.docx








 кейс_Руководитель проектного центра  по развитию сети Точек кипения.docx








 кейс_Руководитель проекта по развитию сети Точек кипения.docx








 кейс_Заместитель руководителя департамента поддержки НТИ по работе с госкомпаниями.docx







Агентство стратегических инициатив объявляет открытый отбор кандидатов в команду направления ""Молодые профессионалы"". 
Мы зовем на борт лидеров, готовых браться за нерешаемые задачи. Делать лучше всех и учиться у лучших. Мы ждем активных, амбициозных и опытных руководителей, а также будущих членов их команд.
o    Руководитель проектного центра по развитию программы  ""Цифровая экономика""
•    Руководитель проекта по развитию программы  ""Цифровая экономика""
o    Руководитель проектного центра по развитию цифровой платформы талантов
•    Руководитель проекта по развитию цифровой платформы талантов
o    Руководитель проектного центра по координации мероприятий
•    Руководитель проекта по координации мероприятий
o    Руководитель проектного центра по развитию сети Точек кипения
•    Руководитель проекта по развитию сети Точек кипения
o    Заместитель руководителя департамента поддержки НТИ по работе с госкомпаниями 

Участники конкурса должны быть способны проектировать уникальные решения, выполнять задачи в условиях неопределенности и ограниченности ресурсов, превосходно разбираться в своей предметной области и быть готовыми постоянно учиться.
Отбор будет проходит в три этапа. 

o    Первый (заочный) этап продлится до 10 апреля 2017 года и включает прием заявок от кандидатов и оценку качества решения кейсов.
o     На втором этапе кандидаты, предложившие наиболее интересные решения, примут участие в очном этапе отбора, который  состоится 19 и 20 апреля 2017 года в Москве, в коворкинг-центре «Точка кипения» АСИ. 
o    Третий этап – финальные собеседования, которые пройдут до 28 апреля 2017 года (точные даты будут определены по итогам очного отбора).
С кандидатами предусмотрено заключение срочного трудового договора на 1 год. 
Участники конкурса, не получившие предложения о трудоустройстве, но показавшие высокие результаты, будут зачислены в кадровый актив АСИ.
 
Для участия в открытом отборе зарегистрируйтесь в информационной системе АСИ Leader-ID (leader-id.ru) и выполните тестовое задание заочного этапа.




"
68,https://leader-id.ru/specials/openselection_worldskills_dir_h/,Открытый отбор на позицию Директора направления по работе с участниками прошедших чемпионатов по стандартам WorldSkills,"







Описание вакансий





 Профиль позиции.docx





Кейсы к вакансиям





 Кейс.docx







Ворлдскиллс Россия принимает заявки на позицию Директора направления по работе с участниками прошедших чемпионатов по стандартам WorldSkills
Для участия в открытом отборе на позицию Директора направления по работе с участниками прошедших чемпионатов по стандартам WorldSkills кандидатам необходимо зарегистрироваться в информационной системе АСИ Leader-id (leader-id.ru) и выполнить тестовое задание заочного этапа.
Отбор будет проходит в три этапа:

Первый (заочный) этап продлится до 10 апреля 2017 года и включает прием заявок от кандидатов и оценку качества решения кейса.
 На втором этапе кандидаты, предложившие наиболее интересные решения, примут участие в очном этапе отбора, который состоится 19 и 20  апреля 2017 года в Москве, в коворкинг-центре «Точка кипения» АСИ.
Третий этап – финальные собеседования, которые пройдут до 28 апреля (точные даты будут определены по итогам очного отбора).

Кандидаты, не получившие предложения о трудоустройстве, но показавшие высокие результаты, будут зачислены в кадровый резерв на портале leader-id.ru.
Справка
Чемпионаты профессионального мастерства по стандартам WorldSkills - ключевые события в сфере оценки кадров по наиболее востребованным профессиям. Ежегодно региональные и национальные чемпионаты посещают более 500 000 человек. В 2019 году Россия проведет международный чемпионат WorldSkills Competition 2019, в котором примут участие конкурсанты из 76 стран мира.




"
69,https://leader-id.ru/specials/openselection_veb/,Открытый отбор Внешэкономбанка на позицию сертифицированного менеджера (1 волна),"







Документы





 Список документов заявителя.docx





Описание вакансий





 Профиль позиции.docx





Материалы





 Программа кандидата (шаблон).ppt








 Требования к заданию эссе «Программа кандидата».doc








 23 пилотных региона в которых отбор завершен.doc







Внешэкономбанк расширяет программу отбора менеджеров в регионах и проводит отбор на позиции до 7 июля 2017г.
К 23 пилотным субъектам* РФ присоединяются еще 62. В регионах, вошедших в пилот, уже завершен первый этап отбора сертифицированных менеджеров.
Институт сертифицированных менеджеров станет одним из основных инструментов формирования широкой воронки региональных проектов в рамках нового инвестиционного процесса ВЭБ. Первичная оценка проектов будет осуществляться непосредственно в регионах менеджерами, которые будут отобраны, а также обучены и сертифицированы ВЭБ (до 3-х менеджеров от региона).
Задачами Сертифицированного менеджера станут:

проактивный поиск и первичная фильтрация проектов в соответствии с требованиями Внешэкономбанка;
взаимодействие с инициаторами проектов в регионе и содействие им в формировании пакета документов;
направление сформированной проектной документации во Внешэкономбанк для принятия решения о финансировании проекта, взаимодействие с ВЭБ на этапах рассмотрения заявки.

Взаимодействие Сертифицированных менеджеров с ВЭБ и инициаторами проектов будет построено на он-лайн платформе «Фабрика проектов развития».
Возможности для Сертифицированного менеджера:

повышение социального и профессионального статуса - новый уровень взаимодействия с первыми лицами в регионе и бизнесом, расширение контактов на федеральном уровне;
возможность стать официальным связующим звеном между регионом и ВЭБ для продвижения крупнейших проектов в регионе;
регулярные встречи с руководством ВЭБ, возможность напрямую обсуждать идеи и проблемы;
общественное признание – возможность привести проект к «Премии развития»;
вклад в личный бренд – статус Сертифицированного менеджера для дальнейшего развития карьеры;
возможность принимать участие в работе экспертных площадок, в том числе организуемых Внешэкономбанком;
участие в программах ВЭБ по развитию персонала;
лучшие менеджеры могут быть зачислены в кадровый резерв ВЭБ 2.0 и присоединиться к команде управляющих существующими и новыми проектами банка.

Детали вознаграждения работы Сертифицированных менеджеров будут обсуждаться на интервью с кандидатами на втором этапе отбора.
Отбор будет проходить в два этапа:

Первый этап – заочный отбор кандидатов – продлится до 7 июля 2017 года;
Второй этап – собеседования с кандидатами – будет проведен в июле-августе 2017г.

 
Для участия в открытом отборе необходимо загрузить резюме, два рекомендательных письма и выполнить задание, которое включает в себя написание эссе и подготовку презентации. Заявка подается только один раз без возможности редактирования.
Более подробную информацию о новой модели Внешэкономбанка по работе с регионами Вы можете узнать из презентации по ссылке http://veb.ru/common/upload/files/veb/main/VEB2ASI.pdf
Команда ВЭБа готова ответить на Ваши вопросы, которые Вы можете направить на электронный адрес: regions@veb.ru
Станьте партнером Внешэкономбанка и развивайте экономику России вместе с нами!
*Заявки из регионов, вошедших в пилот, не принимаются. Перечень пилотных регионов расположен в левой части страницы, в качестве приложения




"
70,https://leader-id.ru/specials/leadership_projects/,Направление «Молодые профессионалы» объявляет о формировании кадрового резерва в лидерские проекты,"





Направление «Молодые профессионалы» объявляет о формировании кадрового резерва в лидерские проекты. Подача заявок на включение в резерв осуществляется до 19 мая включительно. 
Кадровый резерв направлен на поиск людей, заинтересованных в реализации проектов направления «Молодые профессионалы», список проектов находится по ссылке (вкладка «Образовательные проекты»).
Для участия в спецпроекте нужно подать решение кейса на один слайд. Решение кейса- это дорожная карта реализации любого из лидерских проектов, которые даны на сайте по ссылке (вкладка «Образовательные проекты»).  . 
Претендентом на включение в кадровый резерв, будет считаться пользователь, который представил   дорожную карту развития того лидерского проекта, в котором желает работать. Требования – не более одного слайда, возможно решение нескольких кейсов от одного кандидата. 

Мы ищем людей, которые смогут стать полноценными партнерами лидеров проектов направления и решать стратегические задачи. Базовые компетенции – способность решать задачи в условиях неопределенности и ограниченности ресурсов и быть готовыми постоянно учиться.
По вопросам участия просьба обращаться к руководителю департамента проектов и практик направления «Молодые профессионалы» Ксении Андреевой (ka.andreeva@asi.ru, 8 925 090 65 24). 




"
71,https://leader-id.ru/specials/foresight_navigation/,Форсайт-навигация 2017,"





В 2016 году был проведен конкурс среди региональных команд на право проведения Форсайт-навигации этого года. Цель конкурса - поиск и поддержка команд, деятельность которых направлена на решение социально-экономических задач развития своего региона. За время проведения конкурса было получено 30 заявок из 22 регионов страны. Все региональные команды проходили три этапа отбора: заочный этап - подача заявок от регионов в системе Leader-ID; очный этап - акселерация команд в Точке кипения в Санкт-Петербурге; и форсайт-школа для региональных команд, совмещенная с защитой проектов на рабочей группе экспертного совета в московской Точке кипения. 
По итогам форсайт-школы были поддержаны 12 команд: из Санкт-Петербурга, Ивановской, Калининградской, Московской, Тамбовской, Томской областей, Ставропольского и Хабаровского края, республик Саха (Якутия), Татарстан, а также две объединенные команды: «Байкал» (Иркутская область, Республика Бурятия) и «Кама» (Пермский край, республика Башкорстостан, республика Удмуртия). Восемь команд прошли защиту и сформировали маршрутную сетку Форсайт-навигации 2017.
В отличие от предыдущих мероприятий, традиционно проходивших на воде, чтобы полностью включить участников в работу, «Форсайт-навигация - 2017» пробует разные форматы. Так, Санкт-Петербург, Республика Якутия, Пермский край, Республика Удмуртия и Республика Башкортостан проведут свои стратегические сессии на кораблях - в формате традиционного форсайт-флота. Хабаровский край, Ставропольский край, Ивановская, Тамбовская, Иркутская области и Республика Бурятия будут формировать свои стратегии и проекты в формате интеллектуального лагеря - форсайт-кэмпа. 
14 мая – 18 мая 2017 -  Санкт-Петербург – Мандроги – Санкт-Петербург (формат: форсайт – флот)
15 мая – 17 мая 2017 – Москва – Углич- Москва (формат: форсайт – флот)
7 июня – 13 июня 2017- Горнолыжная база «Холдоми», Солнечный район, Хабаровский край (формат: форсайт – кэмп)
21 июня – 23 июня 2017 - Спортивно-оздоровительный лагерь «Сосновый угол», Тамбовская область (формат: форсайт – кэмп)
24 июля – 27 июля 2017 - Река Лена, национальный парк «Ленские столбы», Республика Якутия (формат: форсайт – флот)
22 августа – 27 августа 2017- Плес, Ивановская область (формат: форсайт – кэмп)
7 сентября – 10 сентября 2017 - Берег озера Байкал, Иркутская область (формат: форсайт – кэмп)
16 сентября – 20 сентября 2017- База отдыха «Золотые пески», Ставропольский край (формат: форсайт – кэмп)
26 сентября – 30 сентября 2017 - Река Кама, теплоход «Владимир Маяковский», Пермский край, Республика Башкортостан, Республика Удмуртия (формат: форсайт – флот)
Информация по Форсайт - навигации по ссылке: http://asi.ru/foresighttrip/Foresight-Navigation-2017.pdf 
Дополнительная информация: http://asi.ru/foresighttrip
 




"
